joint,type,parent,child,origin_xyz_mm,origin_rpy_rad,axis,home_rad,lower_rad,upper_rad
upper_shell_joint,fixed,base_link,upper_shell_link,"[-7.313702277561619, 0.0, 31.499999999999]",0 0 0,"[0.0, 0.0, 0.0]",0.0,,
display_module_joint,fixed,base_link,display_module_link,"[80.27182819111441, 0.0101590834547417, 49.523780131661304]",0 0 0,"[0.0, 0.0, 0.0]",0.0,,
tof_sensor_joint,fixed,base_link,tof_sensor_link,"[90.677981288684, 0.0, 16.8455481688004]",0 0 0,"[0.0, 0.0, 0.0]",0.0,,
camera_joint,fixed,base_link,camera_link,"[91.677981288684, 14.1808968430935, 16.847582356009]",0 0 0,"[0.0, 0.0, 0.0]",0.0,,
LF_J0_joint,revolute,base_link,LF_shoulder_link,"[50.676062237814, 61.000896834653496, 10.7]",0 0 0,"[0.0, 0.0, 1.0]",-0.5507,-2.75,0.7
LF_J1_joint,revolute,LF_shoulder_link,LF_upper_arm_link,"[0.0, 6.39999999999998, -31.159999999999197]",0 0 0,"[0.0, 1.0, 0.0]",-1.0658,-4.75,1.4
LF_J2_joint,revolute,LF_upper_arm_link,LF_forearm_link,"[0.9, 47.870000000000005, 0.11132]",0 0 0,"[1.0, 0.0, 0.0]",-0.4408,-2.2,1.65
LF_J3_joint,revolute,LF_forearm_link,LF_palm_link,"[-1.2, 50.0, 0.0]",0 0 0,"[1.0, 0.0, 0.0]",-1.374,-2.1,1.65
LF_palm_pad_f_joint,fixed,LF_palm_link,LF_palm_pad_f_link,"[8.803037932317679, 141.54616615003502, -0.588323582173599]",0 0 0,"[0.0, 0.0, 0.0]",0.0,,
LF_palm_pad_b_joint,fixed,LF_palm_link,LF_palm_pad_b_link,"[-7.40200923841508, 141.54551450289603, -0.588169542919226]",0 0 0,"[0.0, 0.0, 0.0]",0.0,,
LF_J4_joint,revolute,LF_palm_link,LF_finger_link,"[2.1, 37.275000000000006, -11.472]",0 0 0,"[1.0, 0.0, 0.0]",0.0,-1.6,0.1
LF_finger_tip_joint,fixed,LF_finger_link,LF_finger_tip_link,"[-2.20000001391409, 106.219232837006, -3.27707073319651]",0 0 0,"[0.0, 0.0, 0.0]",0.0,,
LF_finger_grip_insert_joint,fixed,LF_finger_link,LF_finger_grip_insert_link,"[-1.7589298930495398, 66.749271504494, -2.77963143968999]",0 0 0,"[0.0, 0.0, 0.0]",0.0,,
LF_palm_grip_insert_joint,fixed,LF_palm_link,LF_palm_grip_insert_link,"[0.40632, 104.42999999999999, 2.6781]",0 0 0,"[0.0, 0.0, 0.0]",0.0,,
RF_J0_joint,revolute,base_link,RF_shoulder_link,"[50.676, -60.998999999999995, 10.7]",0 0 0,"[0.0, 0.0, 1.0]",0.5524,-0.7,2.75
RF_J1_joint,revolute,RF_shoulder_link,RF_upper_arm_link,"[0.0, -6.39999999999999, -31.159999999999197]",0 0 0,"[0.0, 1.0, 0.0]",-1.066,-4.75,1.4
RF_J2_joint,revolute,RF_upper_arm_link,RF_forearm_link,"[-0.899999999998513, -47.8700037549594, 0.11132418307255999]",0 0 0,"[1.0, 0.0, 0.0]",0.4414,-1.65,2.1
RF_J3_joint,revolute,RF_forearm_link,RF_palm_link,"[1.1999999921856501, -50.0, 0.0]",0 0 0,"[1.0, 0.0, 0.0]",1.4173,-1.65,2.1
RF_palm_pad_f_joint,fixed,RF_palm_link,RF_palm_pad_f_link,"[7.40200923841602, -141.54551450289603, -0.588169542919221]",0 0 0,"[0.0, 0.0, 0.0]",0.0,,
RF_palm_pad_b_joint,fixed,RF_palm_link,RF_palm_pad_b_link,"[-8.803037932316741, -141.54616615003602, -0.588323582173599]",0 0 0,"[0.0, 0.0, 0.0]",0.0,,
RF_palm_grip_insert_joint,fixed,RF_palm_link,RF_palm_grip_insert_link,"[-0.406316529837331, -104.426781012235, 2.67810079495568]",0 0 0,"[0.0, 0.0, 0.0]",0.0,,
RF_J4_joint,revolute,RF_palm_link,RF_finger_link,"[-2.09999999216759, -37.2746966382936, -11.471782168226099]",0 0 0,"[1.0, 0.0, 0.0]",0.0,0.1,1.6
RF_finger_grip_insert_joint,fixed,RF_finger_link,RF_finger_grip_insert_link,"[1.7589298930499901, -66.7492715044941, -2.77963143968996]",0 0 0,"[0.0, 0.0, 0.0]",0.0,,
RF_finger_tip_joint,fixed,RF_finger_link,RF_finger_tip_link,"[1.39999998599694, -106.219232837006, -3.27701253714026]",0 0 0,"[0.0, 0.0, 0.0]",0.0,,
LM_J0_joint,revolute,base_link,LM_hip_link,"[-7.3239, 66.501, 7.45]",0 0 0,"[0.0, 0.0, 1.0]",0.0012,0.75,1
LM_J1_joint,revolute,LM_hip_link,LM_thigh_link,"[1.10010294748826, 56.1299979818503, -24.930000000752898]",0 0 0,"[0.999999999998317, 0.0, 0.0]",0.5356,-2.4,1.5
LM_J2_joint,revolute,LM_thigh_link,LM_calf_link,"[-1.19990827036384, 50.000002201430796, 0.0]",0 0 0,"[0.999999999998317, 0.0, 0.0]",-1.8271,-2.4,1.8
LM_foot_tip_joint,fixed,LM_calf_link,LM_foot_tip_link,"[0.789315469683329, 120.917401784297, 6.2403646132292]",0 0 0,"[0.0, 0.0, 0.0]",0.0,,
RM_J0_joint,revolute,base_link,RM_hip_link,"[-7.3239, -66.49900000000001, 7.45]",0 0 0,"[0.0, 0.0, 1.0]",-0.0012,-1,0.75
RM_J1_joint,revolute,RM_hip_link,RM_thigh_link,"[-1.0999999782865302, -56.1299999998696, -24.930000000752898]",0 0 0,"[1.0, 0.0, 0.0]",-0.5376,-1.5,2.4
RM_J2_joint,revolute,RM_thigh_link,RM_calf_link,"[1.19999999422436, -50.0000000001423, 0.0]",0 0 0,"[1.0, 0.0, 0.0]",1.8313,-1.8,2.4
RM_foot_tip_joint,fixed,RM_calf_link,RM_foot_tip_link,"[-0.7890936494689209, -120.917403232075, 6.2403646132292]",0 0 0,"[0.0, 0.0, 0.0]",0.0,,
LR_J0_joint,revolute,base_link,LR_hip_link,"[-65.324, 55.501000000000005, 7.45]",0 0 0,"[0.0, 0.0, 1.0]",0.6313,-0.6,2.75
LR_J1_joint,revolute,LR_hip_link,LR_thigh_link,"[1.10010294738903, 56.1299979818523, -24.930000000752898]",0 0 0,"[0.999999999998317, 0.0, 0.0]",0.5534,-2.4,1.6
LR_J2_joint,revolute,LR_thigh_link,LR_calf_link,"[-1.19990827045224, 50.0000022014286, 0.0]",0 0 0,"[0.999999999998317, 0.0, 0.0]",-1.8648,-2.4,1.8
LR_foot_tip_joint,fixed,LR_calf_link,LR_foot_tip_link,"[0.789315469316815, 120.917403985727, 6.24036461405019]",0 0 0,"[0.0, 0.0, 0.0]",0.0,,
RR_J0_joint,revolute,base_link,RR_hip_link,"[-65.32393776220461, -55.499103165328, 7.45]",0 0 0,"[0.0, 0.0, 1.0]",-0.6326,-2.75,0.6
RR_J1_joint,revolute,RR_hip_link,RR_thigh_link,"[-1.09999997841868, -56.129999999867, -24.930000000752898]",0 0 0,"[1.0, 0.0, 0.0]",-0.5548,-1.6,2.4
RR_J2_joint,revolute,RR_thigh_link,RR_calf_link,"[1.19999999410667, -50.0000000001451, 0.0]",0 0 0,"[1.0, 0.0, 0.0]",1.8678,-1.8,2.4
RR_foot_tip_joint,fixed,RR_calf_link,RR_foot_tip_link,"[-0.789093649753575, -120.91740323207301, 6.2403646132292]",0 0 0,"[0.0, 0.0, 0.0]",0.0,,
