link,category,source,source_sha256,triangles,components,watertight,winding_consistent,is_volume,x_mm_REF,y_mm_REF,z_mm_REF,urdf_mass_kg,mesh_volume_mm3_if_valid,home_world_matrix_mm,export_bounds_error_mm
base_link,structure_or_composite_review,assets/jumper/urdf/jumper/meshes/visual/base_link.stl,0c1bd088c12db6ace677238800f81bd270a04270891dee934a3ed8b46dfcd68f,76038,492,False,True,False,205.52904158830643,181.45745992660522,51.67156085371971,0.886006064277726,,"[[1.0, 0.0, 0.0, 0.0], [0.0, 1.0, 0.0, 0.0], [0.0, 0.0, 1.0, 0.0], [0.0, 0.0, 0.0, 1.0]]",3.6954879760742188e-06
upper_shell_link,structure_or_composite_review,assets/jumper/urdf/jumper/meshes/visual/upper_shell_link.stl,25cadf3b3a05f56de945468858315a867f4d3c9b5967911c9e395d81f3176fc9,18144,1,True,True,True,205.52904903888702,181.4548671245575,47.899491153657436,0.102436653,98523.3854273965,"[[1.0, 0.0, 0.0, -7.313702277561619], [0.0, 1.0, 0.0, 0.0], [0.0, 0.0, 1.0, 31.499999999999], [0.0, 0.0, 0.0, 1.0]]",3.2186508178710938e-06
display_module_link,purchased_module_or_housing_review,assets/jumper/urdf/jumper/meshes/visual/display_module_link.stl,c019dd2abf703c94dc2dbf693acce85e8b62ee9ada1af21a0786afd00bd94b2e,849,3,False,True,False,24.5836041867733,107.22203552722931,33.60173851251602,0.0228872961815731,,"[[1.0, 0.0, 0.0, 80.27182819111441], [0.0, 1.0, 0.0, 0.0101590834547417], [0.0, 0.0, 1.0, 49.523780131661304], [0.0, 0.0, 0.0, 1.0]]",1.4007091522216797e-06
tof_sensor_link,purchased_module_or_housing_review,assets/jumper/urdf/jumper/meshes/visual/tof_sensor_link.stl,4813e253c3b471319254a330f06715473f388f3b91dc7fb8da097cec9724aafd,2088,130,False,True,False,6.640000268816948,26.16681717336178,15.601180959492922,0.00148539236,,"[[1.0, 0.0, 0.0, 90.677981288684], [0.0, 1.0, 0.0, 0.0], [0.0, 0.0, 1.0, 16.8455481688004], [0.0, 0.0, 0.0, 1.0]]",2.682209014892578e-07
camera_link,purchased_module_or_housing_review,assets/jumper/urdf/jumper/meshes/visual/camera_link.stl,02fb606f9630c1c2d6e33ebc99ab27be12bd88664805845f5b72bbb1355f20ae,648,1,True,True,True,6.800001738156425,64.0020091086626,18.007109872996807,0.00201956118,2018.3837714921804,"[[1.0, 0.0, 0.0, 91.677981288684], [0.0, 1.0, 0.0, 14.1808968430935], [0.0, 0.0, 1.0, 16.847582356009], [0.0, 0.0, 0.0, 1.0]]",1.0728836059570312e-06
LF_shoulder_link,structure_or_composite_review,assets/jumper/urdf/jumper/meshes/visual/LF_shoulder_link.stl,2565d7fd191af7356479053ce6ba0b1aa4d6c12a1f10ecef13b82690644c9cb2,15074,3,True,True,True,33.8799674063921,39.19513151049614,68.16335208714008,0.04781603933,16996.350045362455,"[[0.8521584321606352, 0.523283867988999, 0.0, 50.676062237814], [-0.523283867988999, 0.8521584321606352, 0.0, 61.000896834653496], [0.0, 0.0, 1.0, 10.7], [0.0, 0.0, 0.0, 1.0]]",1.1920928955078125e-06
LF_upper_arm_link,structure_or_composite_review,assets/jumper/urdf/jumper/meshes/visual/LF_upper_arm_link.stl,f8a5eee25c2e251f7b00e8667150cd01e92bcdd2e31287b2022a972199490abc,12110,305,False,True,False,47.59387671947479,83.86130072176456,33.89822319149971,0.06025959876,,"[[0.4122778503815888, 0.523283867988999, -0.745788822380175, 54.025078992943584], [-0.2531669465346557, 0.8521584321606352, 0.45796561408019143, 66.45471080048155], [0.875176251544256, 0.0, 0.48380422562535036, -20.459999999999198], [0.0, 0.0, 0.0, 1.0]]",1.0132789611816406e-06
LF_forearm_link,aluminium_connector_assembly_review,assets/jumper/urdf/jumper/meshes/visual/LF_forearm_link.stl,e7b2d8f16bb5efa514c8170e15f093ec0dbca345672534386f0b77b7ff455e4e,9010,3,False,True,False,36.75000183284283,81.05539716780186,31.238975003361702,0.05851942267,,"[[0.4122778503815888, 0.7914640819059012, -0.45123339984711364, 79.36270660721303], [-0.2531669465346557, 0.5753040954680653, 0.7777735498973914, 107.07066542828939], [0.875176251544256, -0.20642142522160883, 0.4375576807032699, -19.618484287212752], [0.0, 0.0, 0.0, 1.0]]",2.5033950805664062e-06
LF_palm_link,structure_or_composite_review,assets/jumper/urdf/jumper/meshes/visual/LF_palm_link.stl,0a69f36298ed1f64b782668b6d0266ccc4b4299593f0071e76333e6577efc177,15080,4,False,True,False,45.99897935986519,158.6382556706667,54.71254698932171,0.09413719656,,"[[0.4122778503815888, 0.5972774888871544, 0.6879582657061339, 118.44117728205019], [-0.2531669465346557, -0.6502726306312333, 0.7162764850490727, 136.13967053753424], [0.875176251544256, -0.46947322300701116, -0.1168820842231782, -30.9897670501463], [0.0, 0.0, 0.0, 1.0]]",1.5497207641601562e-06
LF_palm_pad_f_link,pad_tip_insert_material_review,assets/jumper/urdf/jumper/meshes/visual/LF_palm_pad_f_link.stl,bd1f4af5c9d4b0a67836a423027d3bd83a913ce9cefe4ee6b276f7ee99c4520f,5934,1,True,True,True,13.097988041408826,56.77673523314297,21.890244213864207,0.00192627128,1994.9060529109745,"[[0.4122778503815888, 0.5972774888871544, 0.6879582657061339, 206.2080714460444], [-0.2531669465346557, -0.6502726306312333, 0.7162764850490727, 41.446032138320945], [0.875176251544256, -0.46947322300701116, -0.1168820842231782, -89.66892765059937], [0.0, 0.0, 0.0, 1.0]]",1.6987323760986328e-06
LF_palm_pad_b_link,pad_tip_insert_material_review,assets/jumper/urdf/jumper/meshes/visual/LF_palm_pad_b_link.stl,3acff9d1d21951868df1e0b170c88153e9605861bc3193eb82d8516607abb20e,5746,2,False,True,False,13.09813858824782,56.77536045550369,21.889994735829532,0.00192395003,,"[[0.4122778503815888, 0.5972774888871544, 0.6879582657061339, 199.5268061915739], [-0.2531669465346557, -0.6502726306312333, 0.7162764850490727, 45.549148531980414], [0.875176251544256, -0.46947322300701116, -0.1168820842231782, -103.85091216312561], [0.0, 0.0, 0.0, 1.0]]",6.258487701416016e-07
LF_finger_link,structure_or_composite_review,assets/jumper/urdf/jumper/meshes/visual/LF_finger_link.stl,29f8b316d6d3df884bda9a1e19b8f7a6ffc2dcada28c3f52bd560710ea4473b9,8162,4,False,True,False,36.75000183284283,118.24985407292843,34.40629504621029,0.0588541251,,"[[0.4122778503815888, 0.5972774888871544, 0.6879582657061339, 133.67822194193946], [-0.2531669465346557, -0.6502726306312333, 0.7162764850490727, 103.15198380654928], [0.875176251544256, -0.46947322300701116, -0.1168820842231782, -45.31064003928141], [0.0, 0.0, 0.0, 1.0]]",2.384185791015625e-06
LF_finger_tip_link,pad_tip_insert_material_review,assets/jumper/urdf/jumper/meshes/visual/LF_finger_tip_link.stl,a557c0a840392724c0f544d19299ca6e55651f75143d7d9fce79afe11ae07da8,14134,1,True,True,True,24.143829941749573,18.60984587801795,13.676598202437162,0.00203298778,2106.917345203799,"[[0.4122778503815888, 0.5972774888871544, 0.6879582657061339, 193.9590794275642], [-0.2531669465346557, -0.6502726306312333, 0.7162764850490727, 32.29020242586555], [0.875176251544256, -0.46947322300701116, -0.1168820842231782, -96.72008253273464], [0.0, 0.0, 0.0, 1.0]]",8.195638656616211e-07
LF_finger_grip_insert_link,pad_tip_insert_material_review,assets/jumper/urdf/jumper/meshes/visual/LF_finger_grip_insert_link.stl,cf5faec0faa0693b191d89ef58c427e562e983dcb47a6c3eed2f135e0d500c18,2304,1,False,True,False,24.497220292687416,77.47426256537437,14.18091356754303,0.01160128537,,"[[0.4122778503815888, 0.5972774888871544, 0.6879582657061339, 170.90862095136077], [-0.2531669465346557, -0.6502726306312333, 0.7162764850490727, 58.20107770544239], [0.875176251544256, -0.46947322300701116, -0.1168820842231782, -77.86212022035126], [0.0, 0.0, 0.0, 1.0]]",1.2814998626708984e-06
LF_palm_grip_insert_link,pad_tip_insert_material_review,assets/jumper/urdf/jumper/meshes/visual/LF_palm_grip_insert_link.stl,db76fb24837159e3b141420ea5b5b1f2dc8ba2e366a6edeb44f344c0e060795a,2566,1,True,True,True,24.459165520966053,76.5669010579586,18.375949934124947,0.01142410586,11865.903403654032,"[[0.4122778503815888, 0.5972774888871544, 0.6879582657061339, 182.82480321409037], [-0.2531669465346557, -0.6502726306312333, 0.7162764850490727, 70.04709298160851], [0.875176251544256, -0.46947322300701116, -0.1168820842231782, -79.9742760239991], [0.0, 0.0, 0.0, 1.0]]",1.0132789611816406e-06
RF_shoulder_link,structure_or_composite_review,assets/jumper/urdf/jumper/meshes/visual/RF_shoulder_link.stl,f0a00584b81b67ea041220a80fa46d56a5f0af93f509fdb941dde89f707a36d5,15074,3,True,True,True,33.8799674063921,39.19513151049614,68.16335208714008,0.04781603933,16996.350045362455,"[[0.8512676186448982, -0.5247317804808893, 0.0, 50.676], [0.5247317804808893, 0.8512676186448982, 0.0, -60.998999999999995], [0.0, 0.0, 1.0, 10.7], [0.0, 0.0, 0.0, 1.0]]",1.1920928955078125e-06
RF_upper_arm_link,structure_or_composite_review,assets/jumper/urdf/jumper/meshes/visual/RF_upper_arm_link.stl,3e40d4a4e96d7cca0fa5540d1a08dfb6ef53f0b0302d0adce72e440429c0a5ce,12110,305,False,True,False,47.59387671947479,83.86130072176456,33.89822319149971,0.06049388159,,"[[0.4116978609617778, -0.5247317804808893, -0.7450915580201217, 54.034283395077686], [0.2537756010812898, 0.8512676186448982, -0.4592835570129571, -66.44711275932734], [0.875272994885211, 0.0, 0.48362918070012406, -20.459999999999198], [0.0, 0.0, 0.0, 1.0]]",1.0132789611816406e-06
RF_forearm_link,aluminium_connector_assembly_review,assets/jumper/urdf/jumper/meshes/visual/RF_forearm_link.stl,af869fb7e3e1a9a4e41acd7187598aac8101276d40ce4e9c9c3da427022d6096,9010,3,False,True,False,36.75000183284283,81.05539716780186,31.238975003361702,0.05851942267,,"[[0.41169786096177774, -0.7927459406967343, -0.44950944905346124, 78.69972091316856], [0.25377560108128977, 0.5734688620641955, -0.7789296557062304, -107.47682426808987], [0.8752729948852109, 0.2066091424686875, 0.4372754814450803, -21.193906071943093], [0.0, 0.0, 0.0, 1.0]]",2.5033950805664062e-06
RF_palm_link,structure_or_composite_review,assets/jumper/urdf/jumper/meshes/visual/RF_palm_link.stl,9d74629431797a8472c24e36c8b79e629c28190b490b6a79e28743183d92f33e,15080,4,False,True,False,45.99897935986519,158.6382556706667,54.71254698932171,0.09413719656,,"[[0.41169786096177774, -0.5654306835245857, 0.7146978476310225, 118.83105537794225], [0.25377560108128977, -0.6820913218476965, -0.6858202191215217, -135.8457366519852], [0.8752729948852109, 0.463723593090735, -0.13732302660403184, -30.474035608354903], [0.0, 0.0, 0.0, 1.0]]",1.5497207641601562e-06
RF_palm_pad_f_link,pad_tip_insert_material_review,assets/jumper/urdf/jumper/meshes/visual/RF_palm_pad_f_link.stl,1f777ecee4bcde201aa7614c44af7ad026400819c4735687934c6122ccafebec,5746,2,False,True,False,13.09813858824782,56.77536045550369,21.889994735829532,0.00192395003,,"[[0.41169786096177774, -0.5654306835245857, 0.7146978476310225, 201.4922602570626], [0.25377560108128977, -0.6820913218476965, -0.6858202191215217, -37.016941654598796], [0.8752729948852109, 0.463723593090735, -0.13732302660403184, -89.55248216344822], [0.0, 0.0, 0.0, 1.0]]",6.258487701416016e-07
RF_palm_pad_b_link,pad_tip_insert_material_review,assets/jumper/urdf/jumper/meshes/visual/RF_palm_pad_b_link.stl,793bc432bc333286093f1a5ba5e69b806c4d129a24829757e3b0c7c1ff48bbef,5934,1,True,True,True,13.097988041408826,56.77673523314297,21.890244213864207,0.00192627128,1994.9060529109745,"[[0.41169786096177774, -0.5654306835245857, 0.7146978476310225, 194.82093536985147], [0.25377560108128977, -0.6820913218476965, -0.6858202191215217, -41.12883711480787], [0.8752729948852109, 0.463723593090735, -0.13732302660403184, -103.73660336384816], [0.0, 0.0, 0.0, 1.0]]",1.6987323760986328e-06
RF_palm_grip_insert_link,pad_tip_insert_material_review,assets/jumper/urdf/jumper/meshes/visual/RF_palm_grip_insert_link.stl,f3299e00de883e90b8a2f69fd70f1aa291edc9c87f33c051a50d3f4a3040c4d8,2566,1,True,True,True,24.459165520966053,76.5669010579586,18.375949934124947,0.01142410586,11865.903403654032,"[[0.41169786096177774, -0.5654306835245857, 0.7146978476310225, 179.62391477164883], [0.25377560108128977, -0.6820913218476965, -0.6858202191215217, -66.55694445066464], [0.8752729948852109, 0.463723593090735, -0.13732302660403184, -79.62260050690392], [0.0, 0.0, 0.0, 1.0]]",1.0132789611816406e-06
RF_finger_link,structure_or_composite_review,assets/jumper/urdf/jumper/meshes/visual/RF_finger_link.stl,618b0e23e3f3e7bc8c4d2425692d2580308f721c3062b6479d349defafd26ec4,8162,4,False,True,False,36.75000183284283,118.24985407292843,34.40629504621029,0.0588541251,,"[[0.41169786096177774, -0.5654306835245857, 0.7146978476310225, 130.8438890473859], [0.25377560108128977, -0.6820913218476965, -0.6858202191215217, -103.08633815045548], [0.8752729948852109, 0.463723593090735, -0.13732302660403184, -48.02192529935203], [0.0, 0.0, 0.0, 1.0]]",2.384185791015625e-06
RF_finger_grip_insert_link,pad_tip_insert_material_review,assets/jumper/urdf/jumper/meshes/visual/RF_finger_grip_insert_link.stl,bbaff916342d374f7f78c1f03ca71e8dc235174b5d4651e7e2df4e6dc2ca01da,2304,1,False,True,False,24.497220292687416,77.47426256537437,14.18091356754303,0.01160128537,,"[[0.41169786096177774, -0.5654306835245857, 0.7146978476310225, 167.32352632633663], [0.25377560108128977, -0.6820913218476965, -0.6858202191215217, -55.20453838367046], [0.8752729948852109, 0.463723593090735, -0.13732302660403184, -77.0538860801801], [0.0, 0.0, 0.0, 1.0]]",1.2814998626708984e-06
RF_finger_tip_link,pad_tip_insert_material_review,assets/jumper/urdf/jumper/meshes/visual/RF_finger_tip_link.stl,16ab474a946915080faa128e6c2f98766e262f3ca8baccd91330e33ef5e2350a,14134,1,True,True,True,24.143829941749573,18.60984587801795,13.676597736775875,0.00203298778,2106.9173549500424,"[[0.41169786096177774, -0.5654306835245857, 0.7146978476310225, 189.13780566649874], [0.25377560108128977, -0.6820913218476965, -0.6858202191215217, -28.03239392476812], [0.8752729948852109, 0.463723593090735, -0.13732302660403184, -95.60289814546759], [0.0, 0.0, 0.0, 1.0]]",8.195638656616211e-07
LM_hip_link,structure_or_composite_review,assets/jumper/urdf/jumper/meshes/visual/LM_hip_link.stl,a8f14193f1ffa7c177dbecb349b00a461393de7d444d9bd3771b1370fc14298e,13168,6,False,True,False,45.15006020665169,87.05990482121706,61.78405322134495,0.06514909414,,"[[0.9999992800000864, -0.0011999997120000208, 0.0, -7.3239], [0.0011999997120000208, 0.9999992800000864, 0.0, 66.501], [0.0, 0.0, 1.0, 7.45], [0.0, 0.0, 0.0, 1.0]]",9.5367431640625e-07
LM_thigh_link,aluminium_connector_assembly_review,assets/jumper/urdf/jumper/meshes/visual/LM_thigh_link.stl,4724f8aa3248794f7e783a94dc3379dbf04a21dcef2f8c956c29f16652b5b012,9010,3,False,True,False,36.750027909874916,81.05542697012424,31.238975003361702,0.05851942267,,"[[0.9999992800000864, -0.0010319548361166747, 0.000612428383580921, -6.291153825998549], [0.0011999997120000208, 0.859961950648588, -0.5103567413460572, 122.63227769147676], [0.0, 0.5103571088031315, 0.859962569821564, -17.4800000007529], [0.0, 0.0, 0.0, 1.0]]",2.1457672119140625e-06
LM_calf_link,structure_or_composite_review,assets/jumper/urdf/jumper/meshes/visual/LM_calf_link.stl,42883897518fd83e09892b3215a8a8564a5bff9cc48602316a1d282d77fbc28d,14358,12,False,True,False,47.8084497153759,130.0685526803136,34.72579829394817,0.07768008014,,"[[0.9999992800000864, -0.00033081509409462216, -0.0011534993204676365, -7.542658976506149], [0.0011999997120000208, 0.2756791127528015, 0.9612489723232578, 165.628937227474], [0.0, -0.9612496644229332, 0.2756793112418817, 8.03785656291953], [0.0, 0.0, 0.0, 1.0]]",8.493661880493164e-07
LM_foot_tip_link,pad_tip_insert_material_review,assets/jumper/urdf/jumper/meshes/visual/LM_foot_tip_link.stl,364dcfdbf94243f914272f024e6cd1cad95799ab427b38e0235bdadfd10193fc,1934,1,True,True,True,35.14472395181656,20.98020894160868,18.681366927921772,0.00637705092,6620.0698624852985,"[[0.9999992800000864, -0.00033081509409462216, -0.0011534993204676365, -6.80054363311967], [0.0011999997120000208, 0.2756791127528015, 0.9612489723232578, 204.96283051746832], [0.0, -0.9612496644229332, 0.2756793112418817, -106.47361590665571], [0.0, 0.0, 0.0, 1.0]]",3.725290298461914e-07
RM_hip_link,structure_or_composite_review,assets/jumper/urdf/jumper/meshes/visual/RM_hip_link.stl,f0c70f361ecdca1835a9c94b42389ffbf25f0475daded643dac65e61609bfb39,13168,6,False,True,False,45.15005648136139,87.0599253103137,61.78405322134495,0.06514909414,,"[[0.9999992800000864, 0.0011999997120000208, 0.0, -7.3239], [-0.0011999997120000208, 0.9999992800000864, 0.0, -66.49900000000001], [0.0, 0.0, 1.0, 7.45], [0.0, 0.0, 0.0, 1.0]]",1.4901161193847656e-06
RM_thigh_link,aluminium_connector_assembly_review,assets/jumper/urdf/jumper/meshes/visual/RM_thigh_link.stl,e441e75bf98ac85066f56aafc89ec440f04cea6d647cfdab56b2c2e416e545d3,9010,3,False,True,False,36.75000183284283,81.05539716780186,31.238975003361702,0.05851942267,,"[[0.9999992800000864, 0.0010307279162565458, 0.000614491067021785, -8.491255170121047], [-0.0011999997120000208, 0.858939517922582, 0.5120756433883704, -122.6276395866173], [0.0, -0.5120760120830549, 0.858940136359406, -17.4800000007529], [0.0, 0.0, 0.0, 1.0]]",2.5033950805664062e-06
RM_calf_link,structure_or_composite_review,assets/jumper/urdf/jumper/meshes/visual/RM_calf_link.stl,18972e56b4f0fd023907bde4e08ecd37b8c7d0b46d906eaf9b34b4caa3dd7f78,13386,11,False,True,False,47.8084497153759,130.0685377791524,34.72579829394817,0.07768008014,,"[[0.9999992800000864, 0.0003282765970619558, -0.0011542243216210422, -7.342792435709553], [-0.0011999997120000208, 0.2735636995743117, -0.9618531396610955, -165.5760554825161], [0.0, 0.9618538321957716, 0.27356389654029356, 8.123800603472713], [0.0, 0.0, 0.0, 1.0]]",8.344650268554688e-07
RM_foot_tip_link,pad_tip_insert_material_review,assets/jumper/urdf/jumper/meshes/visual/RM_foot_tip_link.stl,d0e1306ebf0c47412d86dcce89923d3b7a41defecf8bc956bf67634a6202440b,1934,1,True,True,True,35.14472208917141,20.9801959009579,18.681366927921772,0.00637705092,6620.0698489231545,"[[0.9999992800000864, 0.0003282765970619558, -0.0011542243216210422, -8.17878265130208], [-0.0011999997120000208, 0.2735636995743117, -0.9618531396610955, -204.65603503731376], [0.0, 0.9618538321957716, 0.27356389654029356, -106.47392861503286], [0.0, 0.0, 0.0, 1.0]]",8.344650268554688e-07
LR_hip_link,structure_or_composite_review,assets/jumper/urdf/jumper/meshes/visual/LR_hip_link.stl,341240e34b243160b564471f1510b993b7247f87acbcb284b65135cd3e37e3c4,13168,6,False,True,False,45.15006020665169,87.05990482121706,61.78405322134495,0.06514909414,,"[[0.8072609375594038, -0.5901946955799523, 0.0, -65.324], [0.5901946955799523, 0.8072609375594038, 0.0, 55.501000000000005], [0.0, 0.0, 1.0, 7.45], [0.0, 0.0, 0.0, 1.0]]",9.5367431640625e-07
LR_thigh_link,aluminium_connector_assembly_review,assets/jumper/urdf/jumper/meshes/visual/LR_thigh_link.stl,7b08f377b6712838b90c2225afb2c719111452223554bb08fb503058675db6a0,9010,3,False,True,False,36.750027909874916,81.05542697012424,31.238975003361702,0.05851942267,,"[[0.8072609375594038, -0.5021036879748635, 0.31019617214394096, -97.56355693508152], [0.5901946955799523, 0.6867711569456382, -0.4242824522612702, 101.46182972017841], [0.0, 0.5255827855909956, 0.8507424613185881, -17.4800000007529], [0.0, 0.0, 0.0, 1.0]]",2.1457672119140625e-06
LR_calf_link,structure_or_composite_review,assets/jumper/urdf/jumper/meshes/visual/LR_calf_link.stl,65345119ca4fe8fffea9d0eaf13f1b01509b805eaeb4d17957ecebf82a0e066f,14358,12,False,True,False,47.8084497153759,130.0685526803136,34.72579829394817,0.07768008014,,"[[0.8072609375594038, -0.1513832404531372, -0.5704497288987174, -123.63738151456067], [0.5901946955799523, 0.20706010666343802, 0.78025401859767, 135.09220958293457], [0.0, -0.9665449946786923, 0.25649712135142316, 8.799140435829855], [0.0, 0.0, 0.0, 1.0]]",8.493661880493164e-07
LR_foot_tip_link,pad_tip_insert_material_review,assets/jumper/urdf/jumper/meshes/visual/LR_foot_tip_link.stl,a9f78dcf40dfa524087764fb2d7604b3411128426dc64bc412ada199c36294a9,1934,1,True,True,True,35.14472395181656,20.98020894160868,18.681366927921772,0.00637705092,6620.0698624852985,"[[0.8072609375594038, -0.1513832404531372, -0.5704497288987174, -144.86488071362436], [0.5901946955799523, 0.20706010666343802, 0.78025401859767, 165.46429952044258], [0.0, -0.9665449946786923, 0.25649712135142316, -106.47233559642878], [0.0, 0.0, 0.0, 1.0]]",3.725290298461914e-07
RR_hip_link,structure_or_composite_review,assets/jumper/urdf/jumper/meshes/visual/RR_hip_link.stl,15cb10d1ef80ecbd9ab5515cd2b4ccf67fb9e350fa938cc31dedb3881c95b803,13168,6,False,True,False,45.15005648136139,87.0599253103137,61.78405322134495,0.06514909414,,"[[0.8064930025358632, 0.59124363578874, 0.0, -65.32393776220461], [-0.59124363578874, 0.8064930025358632, 0.0, -55.499103165328], [0.0, 0.0, 1.0, 7.45], [0.0, 0.0, 0.0, 1.0]]",1.4901161193847656e-06
RR_thigh_link,aluminium_connector_assembly_review,assets/jumper/urdf/jumper/meshes/visual/RR_thigh_link.stl,fee24f277a740042a758754c3e81efb805045984698aadd4a3baed557f9cb083,9010,3,False,True,False,36.75000183284283,81.05539716780186,31.238975003361702,0.05851942267,,"[[0.8064930025358632, 0.5025605266877394, 0.31145136679107727, -99.39758532433223], [-0.59124363578874, 0.6855237394372962, 0.4248389880969236, -100.11718741095095], [0.0, -0.5267733095775147, 0.8500058119311609, -17.4800000007529], [0.0, 0.0, 0.0, 1.0]]",2.5033950805664062e-06
RR_calf_link,structure_or_composite_review,assets/jumper/urdf/jumper/meshes/visual/RR_calf_link.stl,61a2343865b7bc2982c876b0c682b608c083a6d543b1c33c8c16e08600e8060c,14358,12,False,True,False,47.8084497153759,130.0685377791524,34.72579829394817,0.07768008014,,"[[0.8064930025358632, 0.15073775514823623, -0.5717054888957764, -123.55782006050201], [-0.59124363578874, 0.20561565044643487, -0.7798417579424698, -135.10286674237733], [0.0, 0.9669541527209862, 0.25495032170138576, 8.85866547819927], [0.0, 0.0, 0.0, 1.0]]",8.344650268554688e-07
RR_foot_tip_link,pad_tip_insert_material_review,assets/jumper/urdf/jumper/meshes/visual/RR_foot_tip_link.stl,dfd85194297519dc276d98647e34f1ed88fca2dd06e6d639ce4753cd839d868d,1934,1,True,True,True,35.14472208917141,20.9801959009579,18.681366927921772,0.00637705092,6620.0698489231545,"[[0.8064930025358632, 0.15073775514823623, -0.5717054888957764, -145.9886871910246], [-0.59124363578874, 0.20561565044643487, -0.7798417579424698, -164.3653275699584], [0.0, 0.9669541527209862, 0.25495032170138576, -106.47193674761499], [0.0, 0.0, 0.0, 1.0]]",8.344650268554688e-07
