id,link,rank_by_face_count,triangles,role,watertight,winding_consistent,is_volume,x_mm_REF,y_mm_REF,z_mm_REF,signed_volume_mm3,center_xyz_mm,stl,sha256,export_bounds_error_mm
base_link__C001,base_link,1,35242,closed_geometry_trial_candidate_material_unverified,True,True,True,205.52904158830643,181.45745992660522,42.739782089483924,77606.70915710992,"[-8.94855335354805, 0.0038370490074157715, 21.301662745827343]",components_mm/base_link__C001.stl,5f414cd013e03ccaa509f6b9606122faf02f15f4057006a21d19c17649e45c17,3.6954879760742188e-06
upper_shell_link__C001,upper_shell_link,1,18144,closed_geometry_trial_candidate_material_unverified,True,True,True,205.52904903888702,181.4548671245575,47.899491153657436,98523.38542739641,"[-1.6367658972740173, -0.00225752592086792, 16.447529662400484]",components_mm/upper_shell_link__C001.stl,658c49c96d6c42c8bff019bdb97b0102f7275ede343d06b615821fa50f6c035d,3.2186508178710938e-06
LF_shoulder_link__C001,LF_shoulder_link,1,7508,closed_geometry_trial_candidate_material_unverified,True,True,True,16.13623194862157,39.164068177342415,35.405476577579975,2904.724771533611,"[-8.87072685873136, -1.0113278403878212, -29.80797505006194]",components_mm/LF_shoulder_link__C001.stl,fcdd341771250f6750e350cbdea198fd752feb2078744ac02f371c71b70a4f76,1.6689300537109375e-06
LF_shoulder_link__C002,LF_shoulder_link,2,6594,closed_geometry_trial_candidate_material_unverified,True,True,True,19.24373721703887,39.19513151049614,35.51303129643202,3521.9688878233633,"[7.319255964830518, -1.0267850011587143, -29.856836888939142]",components_mm/LF_shoulder_link__C002.stl,f545703a89d744af99a506c55f68b2f0ff7388381539ff31ad0ab8b5ae7fc2f1,1.1920928955078125e-06
LF_palm_link__C001,LF_palm_link,1,7406,closed_geometry_trial_candidate_material_unverified,True,True,True,45.665329322218895,158.6188394576311,45.829080045223236,16538.639356915788,"[0.6992733106017113, 64.67859353870153, -6.6510457545518875]",components_mm/LF_palm_link__C001.stl,e534bad8b7ccdb98328f3880164993807edf70aade0ce6fc7b1d259931af9340,6.67572021484375e-06
LF_palm_pad_f_link__C001,LF_palm_pad_f_link,1,5934,closed_geometry_trial_candidate_material_unverified,True,True,True,13.097988041408826,56.77673523314297,21.890244213864207,1994.9060529109745,"[6.475742175098276, -28.113426989875734, 10.258112684823573]",components_mm/LF_palm_pad_f_link__C001.stl,cea8d65c5a8f43845372ece91b6670400f3f486afc1e4b5df45b63cb34227746,1.6987323760986328e-06
LF_palm_pad_b_link__C001,LF_palm_pad_b_link,1,5744,closed_geometry_trial_candidate_material_unverified,True,True,True,13.09813858824782,56.77536045550369,21.889994735829532,1995.5698550206143,"[-6.475994727225043, -28.113734399084933, 10.259138944093138]",components_mm/LF_palm_pad_b_link__C001.stl,db2bc7e51996e74b8d8cbdd986660a05b07e7fc836fb33e9dc827d8f13aaaa68,6.258487701416016e-07
LF_finger_link__C002,LF_finger_link,2,2672,closed_geometry_trial_candidate_material_unverified,True,True,True,29.64405994862318,89.00074195116758,13.539137507905252,5242.883943807107,"[-1.246944535523653, 58.74780798330903, -6.992487142269965]",components_mm/LF_finger_link__C002.stl,0b71fd9ee4fba482a44b7ca156ccaeddb3208d228534c090a9ed85b2c51b14b6,2.384185791015625e-06
LF_finger_link__C004,LF_finger_link,4,768,closed_geometry_trial_candidate_material_unverified,True,True,True,10.006504831835628,34.379337914288044,25.830992497503757,418.39748205727375,"[-2.6938371593132615, 5.212496500462294, -0.9383480064570904]",components_mm/LF_finger_link__C004.stl,955cae66249058e00a25dc913228766275803a1cc471c09581cb2984cf674733,9.08970832824707e-07
LF_finger_tip_link__C001,LF_finger_tip_link,1,14134,closed_geometry_trial_candidate_material_unverified,True,True,True,24.143829941749573,18.60984587801795,13.676598202437162,2106.9173452037994,"[0.9532617405056953, -9.317827477389073, -4.292443627491593]",components_mm/LF_finger_tip_link__C001.stl,59a7654a2db32eb811dd1349129dad808a83dc56d991f7f844b1cd5294aacd3a,8.195638656616211e-07
LF_palm_grip_insert_link__C001,LF_palm_grip_insert_link,1,2566,closed_geometry_trial_candidate_material_unverified,True,True,True,24.459165520966053,76.5669010579586,18.375949934124947,11865.90340365403,"[0.03542983904480934, -2.472301945090294, -0.03290828317403793]",components_mm/LF_palm_grip_insert_link__C001.stl,640beb08cdac6e11f1ea170c237eda5543ecaaa3321fa67c3fa5b0dd0a46794b,1.0132789611816406e-06
RF_shoulder_link__C001,RF_shoulder_link,1,7508,closed_geometry_trial_candidate_material_unverified,True,True,True,16.13623194862157,39.164068177342415,35.405476577579975,2904.724771533611,"[8.87072685873136, 1.0113278403878212, -29.80797505006194]",components_mm/RF_shoulder_link__C001.stl,ad7ea55eb3befa2a46a1b9d69696a03287ecd85b55df04b93c15f545c7233599,1.6689300537109375e-06
RF_shoulder_link__C002,RF_shoulder_link,2,6594,closed_geometry_trial_candidate_material_unverified,True,True,True,19.24373721703887,39.19513151049614,35.51303129643202,3521.9688878233633,"[-7.319255964830518, 1.0267850011587143, -29.856836888939142]",components_mm/RF_shoulder_link__C002.stl,0e07e9fdc6c30e6c2ae7ee159b7c71080189a452a62a98e6448364b75b2ca67f,1.1920928955078125e-06
RF_palm_link__C001,RF_palm_link,1,7406,closed_geometry_trial_candidate_material_unverified,True,True,True,45.665329322218895,158.6188394576311,45.829080045223236,16538.639356915788,"[-0.6992733106017113, -64.67859353870153, -6.6510457545518875]",components_mm/RF_palm_link__C001.stl,ab4b813be5fe1b205b9dc1e3934deaed91754267f4fc3bb67c8f2bd1060f3024,6.67572021484375e-06
RF_palm_pad_f_link__C001,RF_palm_pad_f_link,1,5744,closed_geometry_trial_candidate_material_unverified,True,True,True,13.09813858824782,56.77536045550369,21.889994735829532,1995.5698550206143,"[6.475994727225043, 28.113734399084933, 10.259138944093138]",components_mm/RF_palm_pad_f_link__C001.stl,3d664c8d4ef64c084218ffa43f597dd12c577f4bb64d635cd9bdd033998dc0a3,6.258487701416016e-07
RF_palm_pad_b_link__C001,RF_palm_pad_b_link,1,5934,closed_geometry_trial_candidate_material_unverified,True,True,True,13.097988041408826,56.77673523314297,21.890244213864207,1994.9060529109745,"[-6.475742175098276, 28.113426989875734, 10.258112684823573]",components_mm/RF_palm_pad_b_link__C001.stl,f712307460dcc29dd3329714f35e1ab293ef900f93cc46ce950aace84f1f9014,1.6987323760986328e-06
RF_palm_grip_insert_link__C001,RF_palm_grip_insert_link,1,2566,closed_geometry_trial_candidate_material_unverified,True,True,True,24.459165520966053,76.5669010579586,18.375949934124947,11865.90340365403,"[-0.03542983904480934, 2.472301945090294, -0.03290828317403793]",components_mm/RF_palm_grip_insert_link__C001.stl,3ef7226ba8437f68b239369691c863543a23f83ce66bfda3070e16e34e1796e9,1.0132789611816406e-06
RF_finger_link__C002,RF_finger_link,2,2672,closed_geometry_trial_candidate_material_unverified,True,True,True,29.64405994862318,89.00074195116758,13.539137507905252,5242.883943807107,"[1.246944535523653, -58.74780798330903, -6.992487142269965]",components_mm/RF_finger_link__C002.stl,f07963b5dd0b83ba094bdfc155108e4c41f4b0348b9c3f417a6269b3b25fde8a,2.384185791015625e-06
RF_finger_link__C004,RF_finger_link,4,768,closed_geometry_trial_candidate_material_unverified,True,True,True,10.006504831835628,34.379337914288044,25.830992497503757,418.39748205727375,"[2.6938371593132615, -5.212496500462294, -0.9383480064570904]",components_mm/RF_finger_link__C004.stl,4b2c14c7378b5f811017473c675ff2c14c0ed6fff6cb76210d50189b971aee3a,9.08970832824707e-07
RF_finger_tip_link__C001,RF_finger_tip_link,1,14134,closed_geometry_trial_candidate_material_unverified,True,True,True,24.143829941749573,18.60984587801795,13.676597736775875,2106.9173549500424,"[-0.1532621681690216, 9.317827477389073, -4.292501602321863]",components_mm/RF_finger_tip_link__C001.stl,4a74b8584130a502515025abb97b055806aacc055d2d270f16c2074c5ae00835,8.195638656616211e-07
LM_calf_link__C001,LM_calf_link,1,7814,closed_geometry_trial_candidate_material_unverified,True,True,True,47.60405421257019,118.32801718264818,24.24997091293335,11463.126150751827,"[0.8023567497730255, 43.91087731346488, -3.0640214681625366]",components_mm/LM_calf_link__C001.stl,2799463df42eff95bd7fd62beb3512f7e84455a84e6f57f927682e1b32dbaeb8,3.3974647521972656e-06
LM_calf_link__C002,LM_calf_link,2,5548,closed_geometry_trial_candidate_material_unverified,True,True,True,47.8084497153759,130.06785605102777,21.684249863028526,13036.279979577035,"[0.8117519319057465, 49.78149337694049, 8.694666437804699]",components_mm/LM_calf_link__C002.stl,3440b35c057acaa7a388362bb5e0dcf57c9c472512e386ebe201f47e05446bb5,8.493661880493164e-07
LM_foot_tip_link__C001,LM_foot_tip_link,1,1934,closed_geometry_trial_candidate_material_unverified,True,True,True,35.14472395181656,20.98020894160868,18.681366927921772,6620.0698624852985,"[-0.002739951014518738, -10.490110229298466, -4.822612274438143]",components_mm/LM_foot_tip_link__C001.stl,4ce817a4b65b9276e678b36c9cd7b03c46df462033aedb842c3afbf4bfd98f55,3.725290298461914e-07
RM_calf_link__C001,RM_calf_link,1,7814,closed_geometry_trial_candidate_material_unverified,True,True,True,47.60405421257019,118.327965028584,24.24997091293335,11463.125995386574,"[-0.8023250848054886, -43.91087358817458, -3.0640214681625366]",components_mm/RM_calf_link__C001.stl,7442f4a66a324465c34de7a385c470a8468d0165355b38f3fab94f66a78e3df1,3.516674041748047e-06
RM_calf_link__C002,RM_calf_link,2,5548,closed_geometry_trial_candidate_material_unverified,True,True,True,47.8084497153759,130.06784114986658,21.684249863028526,13036.279769266466,"[-0.8117351680994034, -49.78150827810168, 8.694666437804699]",components_mm/RM_calf_link__C002.stl,508501684977240a9ebd92e5437f5ea8e55045913a0f968168342a575ee1fac1,8.344650268554688e-07
RM_foot_tip_link__C001,RM_foot_tip_link,1,1934,closed_geometry_trial_candidate_material_unverified,True,True,True,35.14472208917141,20.9801959009579,18.681366927921772,6620.0698489231545,"[0.002709217369556427, 10.490103711107812, -4.822612274438143]",components_mm/RM_foot_tip_link__C001.stl,4a91f3ca84b62918434d6634bfa34dbf23ac0045cfd68e47a69219cee52f7447,8.344650268554688e-07
LR_calf_link__C001,LR_calf_link,1,7814,closed_geometry_trial_candidate_material_unverified,True,True,True,47.60405421257019,118.32801718264818,24.24997091293335,11463.126150751827,"[0.8023567497730255, 43.91087731346488, -3.0640214681625366]",components_mm/LR_calf_link__C001.stl,2799463df42eff95bd7fd62beb3512f7e84455a84e6f57f927682e1b32dbaeb8,3.3974647521972656e-06
LR_calf_link__C002,LR_calf_link,2,5548,closed_geometry_trial_candidate_material_unverified,True,True,True,47.8084497153759,130.06785605102777,21.684249863028526,13036.279979998159,"[0.8117519319057465, 49.78149337694049, 8.694666437804699]",components_mm/LR_calf_link__C002.stl,133fdf7827934c91573131fbc9646ac36ce7059553ca6e1fb20a14a1b8171fcf,8.493661880493164e-07
LR_foot_tip_link__C001,LR_foot_tip_link,1,1934,closed_geometry_trial_candidate_material_unverified,True,True,True,35.14472395181656,20.98020894160868,18.681366927921772,6620.0698624852985,"[-0.002739951014518738, -10.490110229298466, -4.822612274438143]",components_mm/LR_foot_tip_link__C001.stl,de47b83bd12d6097d838dda7e4d8e8c34272ad23d9be8e0001e188c75965d7e5,3.725290298461914e-07
RR_calf_link__C001,RR_calf_link,1,7814,closed_geometry_trial_candidate_material_unverified,True,True,True,47.60405421257019,118.327965028584,24.24997091293335,11463.125994530941,"[-0.8023250848054886, -43.91087358817458, -3.0640214681625366]",components_mm/RR_calf_link__C001.stl,44858a3ef54b68f9d54b55b18d48cd8691640b3055f0dfb607fe6d821b94df6a,3.516674041748047e-06
RR_calf_link__C002,RR_calf_link,2,5548,closed_geometry_trial_candidate_material_unverified,True,True,True,47.8084497153759,130.06784114986658,21.684249863028526,13036.279769266466,"[-0.8117351680994034, -49.78150827810168, 8.694666437804699]",components_mm/RR_calf_link__C002.stl,0cb35b81eab898e925f510fef7361e4c82d11d38bb0cb677890940addf76bc26,8.344650268554688e-07
RR_foot_tip_link__C001,RR_foot_tip_link,1,1934,closed_geometry_trial_candidate_material_unverified,True,True,True,35.14472208917141,20.9801959009579,18.681366927921772,6620.069848923155,"[0.002709217369556427, 10.490103711107812, -4.822612274438143]",components_mm/RR_foot_tip_link__C001.stl,83df63a042c082e2974f1df6fe0f1f11b25baf680137662d2140fd97748fec75,8.344650268554688e-07
